Mantengo la esperanza que las instancias superiores, con mayor objetividad y experiencia en el Poder Judicial, pued‚Ä¶ https://t.co/cQv4vuJYlh;,
Mi gran ilusi√≥n es que en esta nueva instancia el INDEBIDO PROCESO se convierta en DEBIDO PROCESO. Y digo esto porq‚Ä¶ https://t.co/2OfAcyVAqW;,,,
43 d√≠as despu√©s de haberse iniciado mi prisi√≥n preventiva acabo de recibir la noticia que mi familia y yo hemos esp‚Ä¶ https://t.co/EdXSldgDX0;,,,
RT @GiullianaLoza: Finalmente, despu√©s de las demoras y postergaciones promovidas por el juzgado de or√≠gen, la apelaci√≥n de #KeikoFujimori‚Ä¶;,
RT @GiullianaLoza: Cuando finalmente se eleva el expediente, se env√≠a incompleto, por lo cual la Sala de Apelaciones se ve obligada a devol‚Ä¶;,
RT @GiullianaLoza: Quiero informar a la opini√≥n p√∫blica y a los medios de comunicaci√≥n que se sigue afectando el proceso de apelaci√≥n de #K‚Ä¶;,,,
Sigamos con fe en el camino de la unidad porque son los momentos m√°s dif√≠ciles los que m√°s fortalecen a una familia‚Ä¶ https://t.co/HtwHnfUpxA;,,,
En medio de estas circunstancias tan dif√≠ciles llegan hasta mi celda las voces de gente que, como hoy, viene cada f‚Ä¶ https://t.co/j1Te7R3YL0;,
p. KF: Llevo ya m√°s de un mes en prisi√≥n a la espera de que la justicia prevalezca en las instancias superiores. Es‚Ä¶ https://t.co/012KN8dpgZ;,,,
Pero no solo me denigr√≥ a m√≠, lo hizo con todas las mujeres que hoy vivimos en prisi√≥n. No deja de sorprenderme la‚Ä¶ https://t.co/PQSyvGlf7k;,,
p. Keiko Fujimori: Agradezco profundamente las m√∫ltiples muestras de apoyo frente a los agravios recibidos de una p‚Ä¶ https://t.co/HMW6wopmqP;,,,
RT @RedesKeiko: Mariella Balbi: El fiscal del caso KF solo quiere construir, si es posible a patadas, una organizaci√≥n criminal, q se resum‚Ä¶;
RT @GiullianaLoza: Desvirtuamos uno a uno los argumentos fiscales con documentos, pero el Juez no considera los descargos de la Defensa. ¬øP‚Ä¶;,,
RT @GiullianaLoza: Caso #MarkVito. Acabamos de ser notificados de esta arbitraria decisi√≥n que apelaremos. Una vez m√°s se comete una injust‚Ä¶;,,,
RT @GiullianaLoza: Oficio de #DefensoriaDelPueblo  ‚Äú(‚Ä¶) el criterio asumido por su Despacho respecto a la elevaci√≥n de los actuados no se c‚Ä¶;,,,
RT @RedesKeiko: Importante pronunciamiento del Parlamento Andino en apoyo a parlamentarios y ex parlamentarios peruanos, porque no pueden s‚Ä¶;,,
RT @RedesKeiko: Acertado diagn√≥stico sobre la preocupante situaci√≥n que vivimos en el Per√∫. #AltoalaPersecuci√≥n &gt; https://t.co/uMESfV9l9f h‚Ä¶,,,
RT @GiullianaLoza: Los plazos procesales los establece la Ley, no los fija un magistrado. Los plazos est√°n para respetarse m√°s a√∫n si compr‚Ä¶;,,
RT @GiullianaLoza: Agradezco a @OCMAPJ  por la respuesta y seguimiento a la Queja interpuesta. Me han informado que el Juez de investigaci√≥‚Ä¶;,,,
p. Keiko Fujimori: El juez debi√≥ elevar mi apelaci√≥n en 24 horas. Han pasado 17 d√≠as y nada. Por eso hemos reiterad‚Ä¶ https://t.co/xuoBG7GvBn;,,,
RT @RedesKeiko: Importante pronunciamiento de personalidades de diversos sectores y pensamientos que rechazan la persecuci√≥n y la criminali‚Ä¶;,,,
RT @GiullianaLoza: DENUNCIA URGENTE : El 6/11 fundamentamos apelaci√≥n de #KeikoFujimori. Han pasado 16 d√≠as y el Juez no eleva el expedient‚Ä¶;,,,
RT @RedesKeiko: Mark Vito Villanella en la Sala de Audiencias: ‚ÄúMis argumentos van a ser mucho m√°s claros que mi castellano porque voy a ex‚Ä¶;,,,
RT @RedesKeiko: - @GiullianaLoza pone en evidencia todas las violaciones de derechos y debido proceso que el juez Carhuancho y el fiscal P√©‚Ä¶;,,,
Adjunto el cargo del escrito que ha sido recibido por la directora del penal a las 11.11 am de hoy. (4/4) https://t.co/I0FAohCZWY;,,,
Sigo sin entender por qu√© hay tanto maltrato con quienes estamos afrontando este proceso. Estas decisiones son del‚Ä¶ https://t.co/yAgFECqaO7;,,,
A pesar de no existir impedimento de que estemos juntas o compartamos el mismo espacio, le he solicitado que Ana Ve‚Ä¶ https://t.co/MT5jKM8lIm;,,
p. KF: Hoy he hecho llegar un escrito a la directora del penal, Margot Rojas, solicit√°ndole que la Sra Ana Vega pue‚Ä¶ https://t.co/twjTPEFt0P;,
ESTO NO ES JUSTICIA. Esta es una estrategia perversa de criminalizaci√≥n total de un partido pol√≠tico. Estamos de ac‚Ä¶ https://t.co/65Pn6Qy2cF;,,,
Vicente Silva Checa est√° preso tambi√©n porque el fiscal dice que era mi asesor en la sombra, lo cual es falso. √âl y‚Ä¶ https://t.co/clbmp7lvDp;,,
¬øHasta donde va a llegar la criminalizaci√≥n de la pol√≠tica? ¬øA qui√©n m√°s le tiene que pasar? Mi total solidaridad c‚Ä¶ https://t.co/Y1ztaZx1Hu;,,,
p. Keiko Fujimori: Ana Herz de Vega y Pier Figari est√°n hoy presos por trabajar a mi lado, por ser mis amigos y col‚Ä¶ https://t.co/53YPBjIfC0;,,
"RT @RedesKeiko: Mariella Balbi en @Peru21noticias: ""Se busca dividir m√°s a la bancada fujimorista, mientras que la oficialista hace agua po‚Ä¶;",,,
"RT @RedesKeiko: Mariella Balbi en @Peru21noticias: ""...todos los encausados ir√°n a la c√°rcel. Sin pruebas, le imputaron al abogado Silva Ch‚Ä¶;",,,
"RT @RedesKeiko: Mariella Balbi en @Peru21noticias : ""...hay mucho m√°s inter√©s en que la prisi√≥n de Keiko Fujimori sea eterna. A√∫n no ha ten‚Ä¶;",,,
RT @RedesKeiko: #AltoAlaPersecuci√≥n Este es el testimonio de Carmela Paucar√° hoy en la Sala de Audiencias. Una mujer valiente y trabajadora‚Ä¶;,,,
"RT @RedesKeiko: Bienvenidos.
Somos el Equipo de Redes de @KeikoFujimori. Desde hoy y mientras Keiko siga secuestrada por una irracional dec‚Ä¶;",,,
p. Keiko Fujimori: ‚ÄúHasta aqu√≠ han llegado sus voces...‚Äù https://t.co/s9ABj71yA5;,,,
La cacer√≠a contra mi familia contin√∫a: anularon el indulto a mi padre, me env√≠an a prisi√≥n dos veces y ya vienen po‚Ä¶ https://t.co/W0PeX0k8yP;,,
Acumulan un proceso del 2016 con los del 2011 con el √∫nico objetivo de incluir a Mark que ya ha sido investigado m√°‚Ä¶ https://t.co/rSi9jNNY5S;,,,
p. Keiko Fujimori: No conformes con haberme enviado a prisi√≥n atropellando mi derecho fundamental a un debido proce‚Ä¶ https://t.co/HqXaWl6HfG;,,,
p. Keiko Fujimori 1 https://t.co/3JqAKJcEdW;,,,
#ReencuentroNacional https://t.co/U1fTFVHCMA;,,,
Este reencuentro no est√° sujeto a ninguna condici√≥n y voy a impulsarlo est√© donde est√©. Di√°logo y Reencuentro Nacio‚Ä¶ https://t.co/0GFwTNEAQ0;,,,
Frente a la voluntad de di√°logo reafirmada hoy por el presidente Mart√≠n Vizcarra, reitero mi propuesta de un Reencu‚Ä¶ https://t.co/TWsNkHPOT0;,,
Amigos, comparto con ustedes el video de mi intervenci√≥n en la audiencia. ¬°Enfrentar√© este proceso en nombre de la‚Ä¶ https://t.co/uuSQrlaJ0r;,,
En este per√≠odo de transici√≥n, todas las funciones del Comit√© Pol√≠tico y del Comit√© Ejecutivo Nacional ser√°n maneja‚Ä¶ https://t.co/Mx5YF7m4Rs;,,
Dentro de la reestructuraci√≥n general de nuestro partido, se ha nombrado un Comit√© de Emergencia que ser√° encabezad‚Ä¶ https://t.co/VaUKtU2FeW;,,
Con total y absoluta gratitud por su apoyo incondicional en los momentos m√°s trascendentes, aceptamos la renuncia d‚Ä¶ https://t.co/wPTIxUyvF1;,,
Feliz y agradecida ‚ù§Ô∏è https://t.co/jPxsnsywbs https://t.co/1VvZdnkq4D;,,,
p. Keiko Sof√≠a Fujimori Higuchi https://t.co/FOi28Ca9FO;,,,
p. Keiko Sof√≠a Fujimori Higuchi https://t.co/AwSQPQiUmK;,,,
Un saludo especial a los 47 alcaldes distritales y 3 alcaldes provinciales de Fuerza Popular elegidos el pasado dom‚Ä¶ https://t.co/oZxn2YzfxO;,,,
Mis felicitaciones a todas las autoridades electas a nivel nacional! Una nueva posibilidad de cambio renueva las esperanzas en nuestro pa√≠s!;,,,
Con profunda pena, no puedo dejar de compartir el llamado de Justicia que hace mi padre desde la cl√≠nica, aferr√°ndo‚Ä¶ https://t.co/Sc7yW71FsU;,
#Ahora terminando un lindo encuentro en el distrito de Los Olivos con nuestro candidato a Lima Metropolitana‚Ä¶ https://t.co/6mXdwJkWgz;,,,
"#SeguimosViajando
#Hoy estuvimos en la provincia de #Sullana, La Perla del Chira, en la #Regi√≥nPiura, apoyando a nu‚Ä¶ https://t.co/GSFv576n7F;",,,
"Amigas y amigos, comparto con ustedes este original video de Ditel Columbus!!! #VamosDitelVamos 
En el debate se de‚Ä¶ https://t.co/tuCNHz6lLA;",,,
#Hoy en el distrito de Jos√© Leonardo Ort√≠z, provincia de Chiclayo, #Regi√≥nLambayeque con nuestros candidatos Mar√≠a‚Ä¶ https://t.co/1cl7SKRm3s;,
#Ahora en el distrito de Florencia de Mora, provincia de Trujillo con nuestro candidato a la #Regi√≥nLaLibertad Gean‚Ä¶ https://t.co/zEkP5MwRxg;,,
Rechazo tajantemente el titular del diario La Rep√∫blica. No tengo relaci√≥n, vinculaci√≥n ni mucho menos pacto con di‚Ä¶ https://t.co/dVU075yPPU;,,
"#SeguimosViajando
#Ayer y #hoy en la #Regi√≥nAmazonas, apoyando a los candidatos de @PFuerzaPopular.
Much√≠simas grac‚Ä¶ https://t.co/6C5dP5QKFm;",,,
Almorzando con la comitiva de Amazonas en Ja√©n, Cajamarca. Rumbo a Bagua para seguir apoyando a nuestros candidatos‚Ä¶ https://t.co/rgBZzXmYXS;,,
#Ayer con @DitelColumbus en Huayc√°n acompa√±ando a Luis Santa Cruz, nuestro candidato para Ate y con Patricia Mirand‚Ä¶ https://t.co/ryDLavbFZp;,,
Ayer tuvimos un d√≠a de full energ√≠a con los vecinos de Pucusana, Lur√≠n y San Juan de Miraflores. ¬°Gracias por tanto‚Ä¶ https://t.co/vlwMF05BHi;,,
Esta tarde en Pucusana!!! La fuerza de los j√≥venes del partido es incre√≠ble!!! Vamos Ditel!!! Vamos Juan Pedro!!!‚Ä¶ https://t.co/4WGtL9iwfh;,,,
"#Ayer 
#Tumbes, gracias por tanto cari√±o!!!üôå https://t.co/WAk0QH1Sha;",,,
"#SeguimosViajando
#Hoy apoyando a nuestros candidatos a la #Regi√≥nTumbes. Realmente increible!!! La Fuerza se sient‚Ä¶ https://t.co/PzG4tgpXLO;",,,
Y #SeguimosViajando. Esta vez acompa√±ando a nuestro candidato a la #Regi√≥nIca Rocky Hurtado y a los candidatos muni‚Ä¶ https://t.co/IUh6I3wS3G;,,,
Gracias Bella Uni√≥n, Acar√≠ y Chala!!! Muy feliz de estar otra vez juntos... de conversar, saludarlos y escucharlos!‚Ä¶ https://t.co/FJBbmrOMv0;,
#Ahora El Per√∫ no est√° para golpes de estado!!! https://t.co/M73nhScamG;,,,
#Ayer con @DitelColumbus en Lima Norte. #VamosKonFuerza!! https://t.co/vGbmr8hTpR;,,,
#Hoy con nuestros candidatos, @DitelColumbus para Lima, Hugo Garay para San Mart√≠n de Porres y Horacio Guerrero par‚Ä¶ https://t.co/6N3zJJBSCo;,
Hoy que se conmemoran 26 a√±os de la captura de Abimael Guzm√°n, ratificamos nuestro compromiso de salvaguardar la pa‚Ä¶ https://t.co/ay0LJbAssV;,,
Saludo la hist√≥rica sentencia que condena a cadena perpetua a la c√∫pula de sendero luminoso. Mi solidaridad a las f‚Ä¶ https://t.co/UteKLG1wBO;,,,
Amigos, comparto con ustedes mi entrevista para el Diario @elcomercio_peru publicada hoy. ¬°Que tengan un buen domin‚Ä¶ https://t.co/m89mFXPitM;,,
"https://t.co/qrvpTrr2ii 
Nunca he recibido a ning√∫n juez. Nunca me he reunido con el juez Hinostroza. Nunca le he s‚Ä¶ https://t.co/vZk6fXwfCL;",,,
Una supuesta referencia a mi nombre, un supuesto dicho en una conversaci√≥n de terceros no escuchada sirven de instr‚Ä¶ https://t.co/9HBBD8yp9Z;,,
Estimados amigos, les dejo una reflexi√≥n sobre los √∫ltimos acontecimientos y sobre las prioridades que el gobierno‚Ä¶ https://t.co/9XXW0yQqyQ;,,
Es falso que el Dr. Hinostroza o alg√∫n juez me haya visitado en mi domicilio. Es falso que yo haya solicitado al Sr‚Ä¶ https://t.co/1O0tOmFPld;,,,
"Ahora adem√°s practica un ""periodismo"" muy sucio y bajo, cuando afirma en un tuit que sostuve reuni√≥n en mi domicili‚Ä¶ https://t.co/m64Y79pbez;",,,
Hoy el ya conocido #PeriodismoSelectivoIDL, evidencia que no solo publica audios de su conveniencia y que aquellos‚Ä¶ https://t.co/TvXN3iKXkG;,,
Comparto con ustedes fotos de la jornada de 2 d√≠as de debate, de aprendizaje, de democracia interna y tambi√©n de fo‚Ä¶ https://t.co/WrGB6Ymeou;,
"Queridos amigos y amigas:
El Per√∫ celebra hoy su independencia... celebra vivir en democracia... vivir en paz.
Es p‚Ä¶ https://t.co/4YaldtvgHK;",,,
Les deseo el mejor de los √©xitos en su gesti√≥n. Fuerza Popular seguir√° aportando al desarrollo nacional y defendien‚Ä¶ https://t.co/ChaGkKdonL;,,,
Felicito a Daniel Salaverry, Leyla Chihu√°n, Segundo Tapia y Yeni Vilcatoma, integrantes de la Mesa Directiva que te‚Ä¶ https://t.co/kvqmoTyMsr;
Unamos esfuerzos y sumemos voluntades para la #ReformaJudicialYa!!! [VIDEO] https://t.co/p2nSpJHTZA;,,,
"#ParaEvitarSuspicacias. Sobre el audio de Panorama en el que se habla de ""La Se√±ora"", de ""K"" o de ""La Fuerza N¬∞1"" d‚Ä¶ https://t.co/buPDECk7fY;",,,
A quienes forman a los ni√±os y j√≥venes, a todos los hombres y mujeres que transmiten conocimiento y valores, les de‚Ä¶ https://t.co/y9fOMWIXNd;,
Gracias por regalarnos esos dos goles!!! Mostraron un gran juego en el mundial!!! Gracias tambi√©n al profe Gareca,‚Ä¶ https://t.co/snRiP8sCvk;,,
"#C√≥moNoTeVoyAQuererüé∂üé∂üé∂
Una vez m√°s #GraciasMuchachos!!! Tenemos un gran equipo, una selecci√≥n con garra, muy unida‚Ä¶ https://t.co/A6S2DE0CpD;",,,
Un saludo muy especial a los hombres y mujeres que trabajan en el campo preparando los suelos, sembrando los surcos‚Ä¶ https://t.co/lnLlCqkQ5Y;,,
Son un gran equipo, con car√°cter, con personalidad, demostrando su esp√≠ritu de lucha hasta el √∫ltimo segundo del pa‚Ä¶ https://t.co/oeScYXc00g;
"Gracias muchachos!!! Gracias comando t√©cnico por permitirnos vivir la ilusi√≥n de llegar al mundial!!!
Tenemos una s‚Ä¶ https://t.co/0laC2rjVLt;",,,
Comparto con ustedes algunas im√°genes de mi visita a #SanMart√≠n. Hoy acompa√±√© a Oscar Cabrera, el candidato de‚Ä¶ https://t.co/4WHahSUiw5;,,
"#ConEsperanza
Juntos en el camino de mantener su libertad. https://t.co/liO9yUrMRI;",,,
Hasta pronto #Ica!!! Una gran visita con un gran candidato a Gobernador Regional por Fuerza Popular: Rocky Hurtado!‚Ä¶ https://t.co/LjzoC5kbnB;,,,
La violencia por odio debe detenerse, la violencia contra la mujer debe detenerse. Las mujeres unidas lo lograremos‚Ä¶ https://t.co/xhWYKWsitb;,,
Gracias a quienes me han hecho llegar sus muestras de cari√±o por mis 43 a√±os!!! Gracias a la dirigencia y a las bas‚Ä¶ https://t.co/UTs0rjcSi4;,,,
Me despido de #Loreto compartiendo algunas im√°genes de mi visita a esta hermosa regi√≥n que cuenta con una gran cand‚Ä¶ https://t.co/8VKZ5TQAtc;,,,
