,Tweets
0,"RT @IDL_Rivera: @MedioLegal @ccaroc2011 @FabioTalledo @elhelenico Los Amicus Curiae deben ser presentados por quien lo firma, no por la def‚Ä¶"
1,"RT @patarevalo: Es cuenta fake, OJO. Igual hay que segukrl/revisarla, pero sus due√±os deben ponerlo con claridad. Hacerlo as√≠ solo da√±a al‚Ä¶"
2,RT @MavilaHuertasC: Nuevos retos. Mil ideas. Anotaciones en un papel. El compromiso de que #2019N contribuya a que el Per√∫ sea un pa√≠s m√°s‚Ä¶
3,"RT @lucianolopez27: Felicitaciones, Congresista @AlbertoBelaunde ! Gran trabajo, cuente con nuestro apoyo desde nuestras trincheras. Gran a‚Ä¶"
4,RT @ovejanegra021: Cu√°nto descaro y mezquindad cuando 1 instituci√≥n es corrompida x1 persona:#Ch√°varry usa @FiscaliaPeru para atacar la luc‚Ä¶
5,RT @paromujeresperu: Incre√≠ble la insensibilidad de @MilagrosLeivaG en su encuesta/ranking del dolor. Todas las ni√±as y mujeres v√≠ctimas de‚Ä¶
6,RT @sigridbazan: Chavarry ya ni se molesta en disimular. Su desprecio al equipo Lava Jato no pod√≠a ser m√°s obvio. Pone por encima sus inter‚Ä¶
7,RT @SolCn: El prop√≥sito no es bueno.  Y el comunicado tampoco.  Una verg√ºenza que el Fiscal de la Naci√≥n oscurezca y dificulte m√°s a√∫n el t‚Ä¶
8,RT @maralvama: Fiscal Rafael Vela: en el chat La Botika no solo hay expresiones pol√≠ticas. Dec√≠an que ten√≠an que destruir al fiscal Jos√© Do‚Ä¶
9,RT @AlbertoBelaunde: Ayer el @Minsa_Peru me nombr√≥ Embajador de la Salud Mental. Ello me compromete a seguir luchando contra los estigmas s‚Ä¶
10,RT @patarevalo: Me pregunto: ¬øQu√© gana Ch√°varry con esto? ¬øQu√© gana publicando en tuiter v√≠deos de respaldo a s√≠ mismo mandados a hacer a s‚Ä¶
11,RT @ronaldgamarra: Fuera Ch√°varry!
12,"RT @AlbertoBelaunde: Ayer @TubinoCarlos dec√≠a que no hab√≠an bloqueado el dictamen de salud mental. 

Aqu√≠ la carta donde retira su firma. S‚Ä¶"
13,RT @AlbertoBelaunde: Esto evidencia que el indigno fiscal de la Naci√≥n est√° preparando el camino para desmantelar el equipo especial que di‚Ä¶
14,"RT @yamilaosorio: Iniciamos la recepci√≥n de obra del Nuevo Hospital de Caman√° ! 
Estos a√±os han sido de intenso trabajo para reducir las br‚Ä¶"
15,"RT @TrujiYo: ‚ÄúNosotros s√≠ estamos siendo hostilizados, pero no por el abogado (Abanto), sino por nuestra propia instituci√≥n‚Äù

Rafael Vela,‚Ä¶"
16,RT @elcomercio_peru: La ley de pl√°sticos al detalle: ¬øCu√°les empezar√°n a prohibirse y en cu√°nto tiempo? | V√≠a @AliciARojas https://t.co/Y7v‚Ä¶
17,"RT @monvalpa: El fiscal Carrasco, as√≠ como otros buenos fiscales, merece reconocimiento a su trabajo y valent√≠a. Pero, sobre todo, requiere‚Ä¶"
18,"RT @eldiarionegro: Ch√°varry en pleno sabotaje. Verg√ºenza nacional, esperanza de los corruptos. https://t.co/JQjoRSy08X"
19,"RT @socioperiodismo: Julio Rodriguez abogado de Ch√°varry, Hinostroza y Oviedo. Abogado de los presuntos ""Cuellos Blancos del Puerto"", ¬øQue‚Ä¶"
20,RT @IndiraHuilca: Esto es indignante. El suspendido Mamani obstruye las investigaciones judiciales en su contra. Y cuando va a al Congreso‚Ä¶
21,RT @AlbertoBelaunde: Incre√≠ble lo que nos cuenta @JorgeDCG: Fuerza Popular retir√≥ su firma y evit√≥ que podamos aprobar en el Congreso la nu‚Ä¶
22,"RT @gvillasis: Escandalosa resoluci√≥n de la jueza Elizabeth Arias, quien orden√≥ el impedimento de salida del pa√≠s de F√©lix Moreno, pese a l‚Ä¶"
23,RT @AlbertoBelaunde: ¬øPerjudicar a uno de los grupos m√°s vulnerables (pacientes de salud mental) por c√°lculos pol√≠ticos en una norma de cas‚Ä¶
24,"RT @socioperiodismo: Congresista @JorgeDCG, revela  que Fuerza Popular retir√≥ sus firmas de  crucial nueva Ley de Salud Mental, en represal‚Ä¶"
25,"RT @yamilaosorio: Beca Maestro 3.0 , un programa de becas de maestr√≠a para profesores, creado en esta gesti√≥n, es el que m√°s satisfacci√≥n m‚Ä¶"
26,"RT @gvillasis: La jueza Elizabeth Arias debi√≥ pronunciarse 48 horas despu√©s del pedido de prisi√≥n preventiva   contra F√©lix Moreno, pero re‚Ä¶"
27,RT @MarisaGlave: Y como era de esperarse el se√±or Mamani NO FUE a la audiencia de levantamiento de inmunidad. Se ha reprogramado para el ju‚Ä¶
28,"RT @drhuerta: Con humildad, comparto algunas reflexiones personales acerca de lo que he aprendido de mis pacientes, luego de m√°s de 30 a√±os‚Ä¶"
29,"RT @ttovarsamanez: Entre la indignaci√≥n  por el atropello y la congoja por la ni√±a abusada, no s√© cu√°l sentimiento es m√°s fuerte
No es posi‚Ä¶"
30,RT @llinijoplin: No sabia que era su hijo! todo encaja. https://t.co/6qCYOyOqrN
31,"RT @VivianaAusejo: Tergiversa  @GiullianaLoza abogada de Keiko, la ‚Äúmaniobra‚Äù del fiscal @JoseDomingoPer cuando dice q ha sido denunciada ‚Äú‚Ä¶"
32,"RT @yamilaosorio: Gracias @MidisPeru por este reconocimiento a nuestro trabajo para reducir la anemia infantil! 
Felicito a los 20 alcaldes‚Ä¶"
33,RT @malditaternura: üëä Adriano (al) Pozo üëä https://t.co/Bsgzp0tmGE
34,"RT @yamilaosorio: Hoy, con los rectores de las principales universidades de Arequipa, hemos acordado la conformaci√≥n de una comisi√≥n promot‚Ä¶"
35,RT @omarzev: ¬°Muy bien!!!!! https://t.co/BjanLn0on9
36,¬°Muy bien!!!!! https://t.co/BjanLn0on9
37,Hipop√≥tamos en Surco. Ay estos alcaldes cuando se quieren poner creativos. @MuniSurco_ https://t.co/WMrUmSlRYg
38,"RT @hurgamemoriaPE: Confesaste sin darte cuenta, pues...IMBECIL! https://t.co/IGx85MW2nV"
39,"RT @jgodoym: 5 personas niegan haber sido donantes de la campa√±a del APRA en 2006, a pesar que sus nombres aparecen en ONPE. V√≠a @elcomerci‚Ä¶"
40,"RT @Shey2403: No tomamos taxis solas, porque tenemos miedo.
No caminamos solas por la calle, porque tenemos miedo.
No levantamos muchas vec‚Ä¶"
41,RT @larepublica_pe: #MensajealaNaci√≥n El mandatario anunci√≥ que ya tienen el proyecto de ley org√°nica para la implementaci√≥n de la Junta Na‚Ä¶
42,"RT @Cluzcar: Esto es una tonter√≠a, por darle gusto al fanfarr√≥n fugitivo humillan a la @PoliciaPeru . Como si no supieran de qu√© pie cojea‚Ä¶"
43,RT @MabelAguilarD: Que asco de persona üò°ü§¢ https://t.co/EV1ViJivXq
44,"RT @lorealvareza: ""Desde ahora no mas hermanitos"" anuncia @MartinVizcarraC en #MensajeALaNacion y presenta proyecto, aprobado en el Consejo‚Ä¶"
45,"RT @heduardo50: ¬øInformante? ¬øFuente an√≥nima? La declaraci√≥n fue ""Tenemos INFORMANTES dentro del equipo anticorrupci√≥n de la Fiscal√≠a"". Y n‚Ä¶"
46,RT @IDL_Rivera: @jgodoym Que est√° tomando AG?
47,"Litio, falta litio. https://t.co/6Y77HSmFNH"
48,RT @monich16: AJ√Å: @MartinVizcarraC anunci√≥ comisi√≥n de alto nivel para reformas pol√≠ticas. Entre otros temas : financiamiento de partidos‚Ä¶
49,"RT @ALMA13: No habr√° reforma laboral que recorte derechos de los trabajadores, asegur√≥ presidente @MartinVizcarraC en mensaje a la naci√≥n.‚Ä¶"
50,Mamani https://t.co/qWkUCuDU45
51,"RT @patriciagamarra: Est√°n llorando en estos momentos:
-Fujimoristas
-Apristas
-Vitocho
#MensajeALaNaci√≥n"
52,"RT @carolamm: ""Los peruanos han votado por el cambio..."" ""Me comprometo a poner de mi.parte para que el Per√∫ siga avanzando"" Con estas fras‚Ä¶"
53,"RT @gastongaviola: En metalenguaje: pudo escoger de fondo el cuadro de C√°ceres o el de T√∫pac Amaru, ambos en los salones de Palacio, pero e‚Ä¶"
54,"RT @monvalpa: Sobre resultados del #Refer√©ndum respecto a la bicameralidad, el pdte @MartinVizcarraC dice que resultado es una expresi√≥n de‚Ä¶"
55,"RT @TatiAleman: Para conformar la comisi√≥n de reforma pol√≠tica @MartinVizcarraC asegura que convocar√° a
- Presidente del Congreso 
- Presid‚Ä¶"
56,RT @patriciagamarra: Vizcarra present√≥ 7 proyectos en julio. Estamos diciembre y el congreso solo ha visto 1. Todos nos damos cuenta qui√©n‚Ä¶
57,RT @ALMA13: No m√°s #hermanitos: presidente @MartinVizcarraC en mensaje a la naci√≥n. https://t.co/Cu0Xk5oU1C
58,RT @hurgamemoriaPE: @MartinVizcarraC: ‚Äúconsidero una burla que el @congresoperu haya aprobado una ley bajando las penas a quienes cometan d‚Ä¶
59,"RT @ovejanegra021: Cuanta diferencia! @VictorAndresGB En lugar de quejarse y confesar sus interesesüëé, aprenda de su colega @AlbertoBelaunde‚Ä¶"
60,"RT @yamilaosorio: Seguimos cumpliendo con todas las provincias de la Regi√≥n #AQP ! 
Hoy iniciamos la construcci√≥n del Nuevo Hospital de Mol‚Ä¶"
61,"RT @jotabruce: Esperemos que nunca volvamos a elegir a un congreso tan vomitivo. Me niego a creer que refleja al pa√≠s. S√≠, en cambio, a lo‚Ä¶"
62,Que ni se le ocurra dar un paso en falso a #Ch√°varry porque saldremos en mancha a las calles. #NoM√°sCorrupci√≥n
63,"RT @anacalderont: Si tu amiga es racista, d√≠celo. Si tu amiga trata mal a la gente, desahuevala. Si tu amiga tiene comentarios machistas, e‚Ä¶"
64,"@yamilaosorio ""La obra de la Variante de Uchumayo se entregar√° en febrero, seg√∫n la empresa supervisora"" #Arequipa"
65,"@yamilaosorio ""En mi gesti√≥n estamos sobreauditados por la Contralor√≠a"" #Arequipa"
66,RT @jfowks: M√°s razones para que el fiscal Ch√°varry no haga cambios en el equipo especial Lava Jato. Orlando Martello: ‚ÄúEst√° todo listo par‚Ä¶
67,"@yamilaosorio ""Estoy dejando tres hospitales terminados y tres en ejecuci√≥n para #Arequipa"". @RPPNoticias"
68,"@yamilaosorio ""Gobernador de #Arequipa electo, est√° pensando en subir al Misti con llamas, en lugar de designar a l‚Ä¶ https://t.co/DOmqJ2FxAD"
69,"RT @AlbertoBelaunde: Una idea simple, de bajo costo, que ayuda a tener una ciudad m√°s amigable. Bien por la Municipalidad de San Isidro htt‚Ä¶"
70,RT @nadimcomics: Enhorabuena mi estimado @miguelrep. Un fuerte abrazo desde esta mesa de dibujo. üëç https://t.co/JzMDgLwjXS
71,Una prueba m√°s de la gentuza que llev√≥ #KEikoFujimori al @congresoperu Fuerza @PalomaNoceda
72,"RT @ChoquehuancaAna: Que la Comisi√≥n de √âtica proceda con la seriedad y celeridad que corresponde. @PalomaNoceda, no importan los tiempos s‚Ä¶"
73,RT @PacitaGuerra: Vitocho ahora se lava las manos como Pilatos y venga a salir en el noticiero de @JulianaOxenford y diga que el se a enfre‚Ä¶
74,"RT @MaritzaGarciaJ: FP y Apra deben ponerse a trabajar una agenda para el pa√≠s, en lugar de estar perdiendo el tiempo en presentar ""Moci√≥n‚Ä¶"
75,RT @SolCn: Lo incomprensible es que alguien les crea. https://t.co/aTEWYtSc7w
76,RT @rochimonterom: #URGENTE. #Congreso debe pronunciarse sobre #Mamani. Suspensi√≥n por 120 d√≠as no es suficiente. #DesafueroYa y que respon‚Ä¶
77,"RT @turporivas: Arequipa lo eligi√≥. No aprendimos la lecci√≥n que nos dio Lima en las elecciones municipales.
https://t.co/ro0HPq23TF"
78,RT @americatv_peru: Luis L√≥pez Vilela de Fuerza Popular fue conocido por entablar una relaci√≥n sentimental con su auxiliar en la Comisi√≥n d‚Ä¶
79,RT @gvillasis: Paloma Noceda denunci√≥ ante √âtica a Luis L√≥pez por presuntos tocamientos https://t.co/UFANjP5No2 v√≠a @elcomercio_peru
80,RT @Agencia_Andina: #Lo√öltimo Congresista Paloma Noceda formaliz√≥ denuncia por presuntos tocamientos indebidos https://t.co/qobxHkrCMG http‚Ä¶
81,"RT @monvalpa: El mismo sujeto que difundi√≥ una imagen falsa del pdte Vizcarra sobre la c√©dula para el refer√©ndum. Mentiroso y ma√±oso, resul‚Ä¶"
82,RT @ClaraEOspinaG: @PalomaNoceda denuncia a Luis L√≥pez Vilela. El ser√≠a el #congresistaymasajista
83,RT @elpanfletope: La congresista Paloma Noceda denunci√≥ y revel√≥ el nombre del congresista fujimorista que la acoso sexualmente repetidas v‚Ä¶
84,RT @Politica_LR: Luis L√≥pez Vilela es el congresista que acos√≥ a Paloma Noceda ‚ñ∫https://t.co/t7CULHDILY https://t.co/S7MUOmwhht
85,"RT @jsudaka: Hoy, el ministro de Justicia Vicente Zeballos pidi√≥ perd√≥n a L.C., una ni√±a v√≠ctima de violaci√≥n sexual a la que se le neg√≥ el‚Ä¶"
86,RT @jotabruce: Casta√±eda y su equipo se van como llegaron: solo pensando en su beneficio y cubrir sus trapacer√≠as. https://t.co/EUmAw3rM6k
87,"RT @monich16: Muy bien, el tema no pod√≠a quedar en el aire. Usted adem√°s cont√≥ que las asesoras y secretarias la pasaban mal. Ojal√° que des‚Ä¶"
88,"RT @PalomaNoceda: Acabo de formalizar mi denuncia ante la Comisi√≥n de √âtica del @congresoperu , tras el testimonio que brind√© durante el pl‚Ä¶"
89,Gracias!!!! https://t.co/YuIcwf0EUg
90,RT @sigridbazan: El mismo q defendi√≥ a Mamani alegando q cient√≠ficamente un tocamiento indebido se da de abajo para arriba y no de arriba p‚Ä¶
91,"RT @LeePorGusto: Revuelta Editores y el caricaturista Omar Zevallos acaban de lanzar el Calendario Literario 2019, el cual incluye ilustrac‚Ä¶"
92,RT @Zalillo: Abogado de Mois√©s Mamani es denunciado por su sobrina por supuestos tocamientos indebidos cuando era ni√±a https://t.co/xJNhH4C‚Ä¶
93,RT @ManriqueSports: Para los que consultan info sobre @MelgarOficial. @bernicuesta   seguir√° en el rojinegro. En las pr√≥ximas hrs viajar√° a‚Ä¶
94,"RT @Cluzcar: Sobrina de Eduardo Piaggio, abogado de Mamani cuenta a @MilagrosLeivaG haber sido tocada por √©l, cuando era ni√±a. Vaya defenso‚Ä¶"
95,RT @joaquinreyh: Quienes creemos en la bicameralidad no debemos permitir que el tema salga de la agenda. No fue ayer pero puede ser pronto.‚Ä¶
96,"RT @gvillasis: La verdadera raz√≥n de interpelar al ministro  Carlos Mor√°n es sacar del camino al coronel PNP Harvey Colchado, jefe del equi‚Ä¶"
97,Muri√≥ el gran acuarelista arequipe√±o Kinkulla. https://t.co/WpqmZSfeg9
98,"RT @yamilaosorio: Felicito al electo Gobernador Regional de Arequipa, Elmer C√°ceres Llica. 
Mis mejores deseos de √©xito en su proxima gesti‚Ä¶"
99,¬øY la agresi√≥n de Rafael Rey al presidente de mesa va a quedar en nada? @bcrpoficial
100,"Gobernador electo en Arequipa, Elmer C√°ceres Llica:
-Cerro Verde me quiere matar.
-Denunciar√© a los periodistas que‚Ä¶ https://t.co/4xURahL4L0"
101,"RT @AlbertoBelaunde: Buenos d√≠as! Temprano en la oficina. Quedan 2 a√±os, 7 meses y 16 d√≠as para servir al pa√≠s desde el Congreso de la Rep√∫‚Ä¶"
102,RT @AlbertoBelaunde: El consenso multipartidario en esta propuesta ir√≠a en sinton√≠a con la voluntad popular de reformar el sistema de justi‚Ä¶
103,"RT @Elmejormanuel: Jefe de mesa de colegio de San Isidro donde vot√≥ Rafael Rey le grit√≥ fujimorista. Excongresista lo abofete√≥, cuenta part‚Ä¶"
104,"RT @CostaGino: As√≠ como exijen la cabeza de fiscales Vela Barba y P√©rez, ‚Äúhermanitos‚Äù ahora quieren la del Cnel PNP Colchado, jefe de intel‚Ä¶"
105,RT @gvillasis: Hay que ser muy ingenuo para afirmar  que al ex pdte Alan Garc√≠a lo chuponearon en una camioneta frente a su casa. Acusar al‚Ä¶
106,RT @socioperiodismo: ¬øLo de las revisiones t√©cnicas no merece una comisi√≥n investigadora en el Congreso? Vamos a seguir esperando que muera‚Ä¶
107,"RT @Politica_ECpe: Mercedes Araoz: ""La relaci√≥n con el primer ministro no existe porque no quiere"" ‚ñ∫https://t.co/JpBmw8mCGl https://t.co/k8‚Ä¶"
108,"RT @DiegoTejada89: Justos pagan por pecadores, las 3 son excelentes congresistas 
@MarisaGlave @IndiraHuilca @TaniaPariona üôåüèº https://t.co/‚Ä¶"
109,"RT @monvalpa: Coincid√≠ en Cajamarca con el cierre de campa√±a de Mes√≠as Guevara. Convoc√≥ a cat√≥licos, evang√©licos, adventistas, etc, a votar‚Ä¶"
110,"RT @socioperiodismo: El deplorable y criminal servicio de las revisiones t√©cnicas en el Per√∫, a la luz de la cifras de accidentes, atenta c‚Ä¶"
111,"RT @MirellaDelSolar: Para verg√ºenza de la mayor√≠a de los arequipe√±os, Elmer Caceres Llica, ha sido elegido como nuevo gobernador, un indivi‚Ä¶"
112,"El ex director de Transporte del @MTC_GobPeru que daba autorizaciones a las plantas de Revisiones T√©cnicas, apellid‚Ä¶ https://t.co/lX7uBIgzKB"
113,"RT @Malapalabrero: #Ojo que la mafia intenta tumbarse al coronel Harvey Colchado, valeroso polic√≠a que comand√≥ los arrestos de Keiko Fujimo‚Ä¶"
114,RT @Malapalabrero: En el chat la Botika ya ped√≠an la cabeza del coronel Harvey Colchado. ¬øPor qu√© lo piden los apristas? Porque no se vende‚Ä¶
115,"RT @IDL_Rivera: Fiscal Vela anuncia m√°s de 20 diligencias en el Brasil. 
Con raz√≥n AG se desespera."
116,"RT @ClaraEOspinaG: Los se√±ores que lograron el acuerdo con Odebrecht, en vivo en ‚Å¶@Cuarto_Poder‚Å© Ahora se aceleran las investigaciones de #‚Ä¶"
117,Fiscal Rafael Vela: ¬´En enero hablar√° Barata y otros funcionarios sobre las coimas entregadas en Per√∫¬ª #Chan @Cuarto_Poder #YahoraQue
118,"RT @MoneroKemchs: Antes de que acabe el d√≠a: mi cart√≥n de hoy en @El_Universal_Mx @Univ_Opinion ""Alto riesgo"". https://t.co/1GEOs4oHJU"
119,"RT @CNNEE: La transcripci√≥n se√±ala los sonidos del cuerpo de Khashoggi desmembrados por una sierra, ya que se recomienda a los presuntos au‚Ä¶"
120,"RT @AlbertoBelaunde: De horror. Y reemplazar√° a la √∫nica mujer gobernadora del periodo anterior.

Llamado de atenci√≥n: no basta con pedir ‚Äú‚Ä¶"
121,RT @jgodoym: La sal infaltable de la vida https://t.co/DH59bPBWu0
122,RT @EmilioSalcedoT: Nooooooooooooooo... No puede ser. ¬øPor qu√© entrevistan en @Cuarto_Poder a Lourdes Flores? ¬øNo les bast√≥ m√°s temprano co‚Ä¶
123,RT @VictorAndresGB: Vizcarra con este resultado obtuvo mayor legitimidad para su gobierno.Pero m√°s que victoria el gran derrotado es el Con‚Ä¶
124,Lourdes Flores empieza la entrevista en @Cuarto_Poder diciendo ¬´He perdido por goleada en la pregunta 3 y 4¬ª... Jaj‚Ä¶ https://t.co/nE07TiAxBp
125,Bien sesgado el reportaje de @PanoramaPTV sobre el supuesto chuponeo a #AlanGarc√≠a @KarinaNovoaL
126,"RT @elbuho_pe: #Arequipa | Conteo r√°pido de Ipsos al 100%. Margen de error de 5%. Se mantiene el empate t√©cnico, pero Elmer C√°ceres Llica c‚Ä¶"
127,RT @SofiaCarrilloZ: Espero que transcurridos 5 a√±os el Per√∫ pueda tener opci√≥n de elegir a congresistas como @AlbertoBelaunde @TaniaPariona‚Ä¶
128,"No fue por el Refer√©ndum, sino por los candidatos al gobierno regional. Un acusado de violaci√≥n y otro lobista. https://t.co/Y4FpGoQx56"
129,RT @padelriol: Vomitivo el abogado. De Mamani. Terror√≠fica la muerte de Marisol Stella. Imposible no indignarse. Me uno a la ira de M√≥nica‚Ä¶
130,"RT @ClaraEOspinaG: Servando Garcia en Piura, MESIAS Guevara en Cajamarca, Jean Benavente en Cusco, resultados de conteo r√°pido al 100% pero‚Ä¶"
131,"RT @ipsosperu: #Voto2018Ref√©rendum Conteo r√°pido al 100% - Segunda vuelta elecciones regionales, Arequipa: empate t√©cnico https://t.co/Bk95‚Ä¶"
132,RT @YehudeSimonM: Muy bien amigo. Se sacrifican unos cuantos buenos congresistas pero se limpia la casa de los atorrantes. https://t.co/fso‚Ä¶
133,"RT @YehudeSimonM: En efecto son los grandes sacrificados pero una demostraci√≥n que sin tener experiencia dieron clases de madurez, responsa‚Ä¶"
134,@allanwagnert ¬´El presidente debe convocar a una legislatura extraordinaria para ver la Nueva Junta Nacional de Jus‚Ä¶ https://t.co/tK2WHFVhIR
135,"RT @chapatucombi: ""Para monse√±or Eguren"". Este es el post de la principal v√≠ctima sexual de Luis Fernando Figari que acusa al obispo sod√°li‚Ä¶"
136,RT @carlosezanabria: #Arequipa y las otras 14 regiones donde votamos en segunda vuelta le importamos tanto a los lime√±os que ninguna encues‚Ä¶
137,Uno de los mejores congresistas de este Congreso. https://t.co/YCMa13CpwE
138,"El #Refer√©ndum fue producto del accionar de este congreso obstruccionista, obtuso y sectario aprofujimorista."
139,RT @Hombre_Alado_: El iluso voto nulo solo alcanz√≥ el 33%. Elmer C√°ceres Llica gan√≥ gracias a esos votos. Ahora a llorar al r√≠o. #Arequipa‚Ä¶
140,33 % de voto nulo en Arequipa fue determinante para el virtual triunfo del gobernador acusado de violaci√≥n. #PobreArequipa
141,"RT @richicuenca: Este capital pol√≠tico, presidente @MartinVizcarraC, tiene que utilizarse, pero tambien cuidarlo."
142,RT @yamilaosorio: Resultados segunda vuelta electoral en #Aqp https://t.co/PEGaUVo8El
143,RT @HMayhuire: Boca de urna: Elmer C√°ceres Llica ser√≠a el nuevo gobernador de Arequipa https://t.co/DYmjn6azdD
144,"RT @ocram: boca de urna de @ipsosperu 
S√≠ - 87%
S√≠ - 85%
S√≠ - 85%
No - 85%"
145,"RT @feralayo: Gan√≥ el SI, SI, SI, NO.
Previsible."
146,"RT @caellprensa: #Elecciones2018 En #Arequipa a boca de urna de Amaquella, los resultados de la segunda vuelta para el Gobierno Regional so‚Ä¶"
147,"RT @HoracioZeballo: No es plagio, es copia. El puente no se ha ca√≠do, se ha desplomado. No es tocamiento indebido, ""porque fue de arriba a‚Ä¶"
148,"RT @patriciagamarra: Y en unos d√≠as CHAU CASTA√ëEDA Y CHAU CIPRIANI ‚ù§Ô∏è‚ù§Ô∏è‚ù§Ô∏è
2018, nunca te olvidaremos üò¢ https://t.co/VvY7x2xked"
149,"RT @kikesitov67: Alan Garc√≠a dice que tiene informantes dentro del equipo anticorrupci√≥n de @FiscaliaPeru .. Guarda ah√≠ 

@RPPNoticias"
150,RT @noakeikope: Jos√© Domingo P√©rez ovacionado por la gente mientras vota. A ver si a ti @PedroChavarryV alguien te saluda siquiera.
151,"RT @jfowks: El fiscal #Jos√©DomingoP√©rez rodeado por una decena de agentes de la polic√≠a, otros tantos periodistas, y ciudadanos que le ped√≠‚Ä¶"
152,RT @patarevalo: Aqu√≠ no hay ning√∫n mal menor. Aqu√≠ hay un gobierno que se est√° esforzando por sacar adelante un pa√≠s y una oposici√≥n cuyo √∫‚Ä¶
153,RT @socioperiodismo: Ex presidente ejerciendo un derecho ciudadano que no hubiese podido ejercer s√≠ se le hubiese otorgado Asilo. Viva la d‚Ä¶
154,"RT @PCaterianoB: El auto proclamado perseguido pol√≠tico @AlanGarciaPeru vot√≥ libremente, declar√≥ en la puerta de su casa sobre preguntas de‚Ä¶"
155,"Lo siento:
@MarisaGlave @IndiraHuilca @AlbertoBelaunde 
#SiSiSiNo"
156,RT @Rosario_Sasieta: As√≠ es Melissa ! Arequipa no merece tener un tipejo como gobernador regional !!! https://t.co/cRRBsaca8P
157,#Arequipa est√° en una encrucijada para decidir su futuro regional entre un acusado de violaciones y un lobista sin mayores propuestas.
158,¬øY esto? https://t.co/XQnvyr9YQv
159,"RT @Jimmychinchay: #LoUltimo Pdte del Congreso @dsalaverryv no votar√° en #Voto2018Refer√©ndum 
Ayer present√≥ un cuadro de afecci√≥n al est√≥ma‚Ä¶"
160,RT @clecarnaque: Ma√±ana habr√° goleada https://t.co/3UFaN842mq
161,RT @ocram: ya me pasaron el men√∫ de hoy: Sopa Seca con Sillao Nicolini. abundante. un√°nime.
162,RT @larryportera: Felicitaciones a congresista @PalomaNoceda por su valor al denunciar tocamiento indebido de un congresista. Desgraciadame‚Ä¶
163,"RT @TrujiYo: Paloma Noceda dice que comunic√≥ a vocero de Fuerza Popular, en 2016, la agresi√≥n que sufri√≥ de congresista fujimorista.
El voc‚Ä¶"
164,"RT @larryportera: OJO. En pleno del @congresoperu , legisladora @PalomaNoceda denunci√≥ tocamiento indebido de congresista: ""Me hizo un masa‚Ä¶"
165,RT @arlettecontrers: Es de admirar la valent√≠a de la congresista @PalomaNoceda para denunciar en primera persona lo que sucede tambi√©n en e‚Ä¶
166,"RT @pacofloresc: Valiente y crudo testimonio de la congresista @PalomaNoceda. Si una parlamentaria est√° as√≠, a merced de otro parlamentario‚Ä¶"
167,"RT @Malissnu: Ahora hay pena de c√°rcel para los acosadores. Valiente testimonio de @PalomaNoceda. La apoyamos, congresista. https://t.co/AV‚Ä¶"
168,RT @ebelinortiz: Despu√©s de las declaraciones de la Se√±ora Congresista @PalomaNoceda muchos hombres se preguntar√°n ‚ÄúC√≥mo pueden tocarnos?‚Äù.‚Ä¶
169,"RT @larryportera: Cada vez que se hace una denuncia de acoso, maltrato f√≠sico, psicol√≥gico, o sexual surge avalancha de criticas a la denun‚Ä¶"
170,RT @chicharronpress: Descubra el enigma (jojolete) https://t.co/KQb1GGybU9
171,RT @Angelpaezs: Ma√±ana en La Rep√∫blica: ¬øQui√©n era el hombre del Banco Privado de Andorra que pagaba a pedido de Odebrecht los sobornos a f‚Ä¶
172,"RT @SalitaSin: De ser cierto que #Ch√°varry ya tom√≥ la decisi√≥n de remover a Jos√© Domingo P√©rez, debemos salir a las calles y rescatar la @F‚Ä¶"
173,RT @ialvareza: Uno escucha el informe de la Comisi√≥n de √âtica sobre la conducta del parlamentario #Mois√©sMamani y la trabajadora de @LATAMA‚Ä¶
174,RT @YehudeSimonM: Si hay que dejarla sin embargo  denuncia es grave. Ojal√° se visualice al miserable. https://t.co/bA9ecB7yJt
175,"RT @IndiraHuilca: A las mujeres NO se les toca de arriba a abajo, ni de abajo a arriba. A las mujeres NO se les toca sin su consentimiento.‚Ä¶"
176,RT @Elcholaco: As√≠ fue c√≥mo la congresista Paloma Noceda denunci√≥ que fue v√≠ctima de tocamientos por parte de otro parlamentario. https://t‚Ä¶
177,"RT @CostaGino: . @peru21noticias alerta sobre el peligro de que Elmer C√°ceres, acusado de violar a tres mujeres y que hasta ahora logr√≥ eva‚Ä¶"
178,"RT @cevalenzuelav: Un hombre sobre el que pesan TRES acusaciones de violaci√≥n, Debe ser elegido gobernador de Arequipa? Es imposible que la‚Ä¶"
179,RT @YehudeSimonM: Importante saberlo. Ojal√° congresista lo diga y congreso act√∫e https://t.co/vbnL1u6626
180,"¬øYa se sabe qui√©n es el congresista manolarga,que se sobrepas√≥ con @PalomaNoceda ??"
181,RT @jgodoym: Muy buen resumen del acuerdo entre Odebrecht y el Ministerio P√∫blico v√≠a @IDL_R https://t.co/cTerRDdLUe
182,"RT @soniagoldenberg: El rector de la PUCP sin inmutarse: ""nos vimos imposibilitados de cumplir con la ley."" Ni siquiera pide disculpas a lo‚Ä¶"
183,"RT @dsalaverryv: Saludo la valiente denuncia de la congresista @PalomaNoceda, le he informado que la Procuradur√≠a del Congreso est√° a su di‚Ä¶"
184,RT @PatyDonayre: Escucho a mis colegas congresistas cuestionar la inmunidad parlamentaria que se ha convertido en un mecanismo perverso par‚Ä¶
185,RT @ManuelVelardeD: ¬øY qu√© pasar√° con @MoisesMamaniCo cuando terminen los 120 d√≠as de castigo? ¬øSeguir√° siendo congresista? ¬øY qu√© le decim‚Ä¶
186,"RT @aspauzarazuri: ¬øSe acuerdan de Hugo Guerra alias @ugluis?, bueno, ""Cuarto Poder"" lo querella por difamaci√≥n y le exige S/ 100,000 de re‚Ä¶"
187,"RT @Joha__RM: La violencia contra la mujer se puede dar en cualquier lugar y en cualquier circunstancia, y si nuestras autoridades no son c‚Ä¶"
188,RT @MarisaGlave: Muy bien @PalomaNoceda al tener valent√≠a de contar un testimonio! Lo que merece es apoyo y empat√≠a y no murmullos morbosos‚Ä¶
189,"RT @Agencia_Andina: Procurador del Congreso recibir√° denuncia de congresista Paloma Noceda, quien denunci√≥ que recibi√≥ tocamientos contra s‚Ä¶"
190,Congresista fujimorista #Mois√©sMamani suspendido 120 d√≠as del @congresoperu Ahora falta que proceda el desafuero.
191,"RT @Jimmychinchay: Grave denuncia de @PalomaNoceda 
Se tiene que conocer el nombre del congresista que le hizo el tocamiento denunciado @ca‚Ä¶"
192,RT @Fabianasd: @dsalaverryv informa que se ha puesto a disposici√≥n de @PalomaNoceda el procurador del @congresoperu para que haga su denunc‚Ä¶
193,RT @allanwagnert: Felicitaciones Jackie por el merecido reconocimiento que aplaudimos y compartimos. Eres una magn√≠fica persona y estupenda‚Ä¶
194,"RT @socioperiodismo: El abogado de Mois√©s Mamani ""reglamenta"" el tocamiento indebido"
195,RT @mabel_huertas: Esta no es una campa√±a en contra de un candidato. Este hombre tiene tres denuncias por violaci√≥n. No puede ser gobernado‚Ä¶
196,"RT @Joaco_Ldr: Escucha bien @PedroChavarryV :

sacas a @JoseDomingoPer y como te explico que la protesta que hicieron los chalecos amarillo‚Ä¶"
197,El abogado de Mamani es tal para cual. #FueraMamaniDelCongreso
